,Track_name,start_x,start_y,end_x,end_y,Move_frames,pos_x,pos_y
0,track_1,26,7,1,29,53,26.0,7.0
1,track_1,26,7,1,29,53,81.0,83.0
2,track_1,26,7,1,29,53,3.0,62.0
3,track_1,26,7,1,29,53,10.0,33.0
4,track_1,26,7,1,29,53,82.0,97.0
5,track_1,26,7,1,29,53,34.0,58.0
6,track_1,26,7,1,29,53,1.0,44.0
7,track_1,26,7,1,29,53,18.0,44.0
8,track_1,26,7,1,29,53,55.0,72.0
9,track_1,26,7,1,29,53,8.0,42.0
10,track_1,26,7,1,29,53,66.0,18.0
11,track_1,26,7,1,29,53,66.0,74.0
12,track_1,26,7,1,29,53,53.0,27.0
13,track_1,26,7,1,29,53,34.0,57.0
14,track_1,26,7,1,29,53,41.0,30.0
15,track_1,26,7,1,29,53,81.0,16.0
16,track_1,26,7,1,29,53,72.0,70.0
17,track_1,26,7,1,29,53,67.0,43.0
18,track_1,26,7,1,29,53,31.0,53.0
19,track_1,26,7,1,29,53,68.0,78.0
20,track_1,26,7,1,29,53,50.0,61.0
21,track_1,26,7,1,29,53,100.0,9.0
22,track_1,26,7,1,29,53,9.0,31.0
23,track_1,26,7,1,29,53,65.0,35.0
24,track_1,26,7,1,29,53,32.0,2.0
25,track_1,26,7,1,29,53,24.0,23.0
26,track_1,26,7,1,29,53,95.0,39.0
27,track_1,26,7,1,29,53,1.0,19.0
28,track_1,26,7,1,29,53,46.0,36.0
29,track_1,26,7,1,29,53,25.0,82.0
30,track_1,26,7,1,29,53,99.0,25.0
31,track_1,26,7,1,29,53,39.0,2.0
32,track_1,26,7,1,29,53,12.0,5.0
33,track_1,26,7,1,29,53,19.0,4.0
34,track_1,26,7,1,29,53,36.0,69.0
35,track_1,26,7,1,29,53,54.0,73.0
36,track_1,26,7,1,29,53,53.0,38.0
37,track_1,26,7,1,29,53,1.0,26.0
38,track_1,26,7,1,29,53,21.0,80.0
39,track_1,26,7,1,29,53,58.0,9.0
40,track_1,26,7,1,29,53,6.0,2.0
41,track_1,26,7,1,29,53,81.0,8.0
42,track_1,26,7,1,29,53,93.0,67.0
43,track_1,26,7,1,29,53,50.0,76.0
44,track_1,26,7,1,29,53,8.0,100.0
45,track_1,26,7,1,29,53,6.0,83.0
46,track_1,26,7,1,29,53,19.0,35.0
47,track_1,26,7,1,29,53,2.0,25.0
48,track_1,26,7,1,29,53,67.0,86.0
49,track_1,26,7,1,29,53,55.0,60.0
50,track_1,26,7,1,29,53,32.0,75.0
51,track_1,26,7,1,29,53,100.0,8.0
52,track_1,26,7,1,29,53,1.0,29.0
53,track_2,32,11,32,24,56,32.0,11.0
54,track_2,32,11,32,24,56,24.0,69.0
55,track_2,32,11,32,24,56,58.0,93.0
56,track_2,32,11,32,24,56,48.0,6.0
57,track_2,32,11,32,24,56,90.0,53.0
58,track_2,32,11,32,24,56,46.0,55.0
59,track_2,32,11,32,24,56,40.0,31.0
60,track_2,32,11,32,24,56,22.0,37.0
61,track_2,32,11,32,24,56,5.0,3.0
62,track_2,32,11,32,24,56,81.0,26.0
63,track_2,32,11,32,24,56,70.0,81.0
64,track_2,32,11,32,24,56,86.0,11.0
65,track_2,32,11,32,24,56,5.0,96.0
66,track_2,32,11,32,24,56,60.0,78.0
67,track_2,32,11,32,24,56,26.0,25.0
68,track_2,32,11,32,24,56,96.0,32.0
69,track_2,32,11,32,24,56,85.0,20.0
70,track_2,32,11,32,24,56,59.0,55.0
71,track_2,32,11,32,24,56,27.0,57.0
72,track_2,32,11,32,24,56,72.0,61.0
73,track_2,32,11,32,24,56,86.0,43.0
74,track_2,32,11,32,24,56,28.0,75.0
75,track_2,32,11,32,24,56,85.0,74.0
76,track_2,32,11,32,24,56,5.0,69.0
77,track_2,32,11,32,24,56,3.0,44.0
78,track_2,32,11,32,24,56,68.0,47.0
79,track_2,32,11,32,24,56,56.0,1.0
80,track_2,32,11,32,24,56,82.0,90.0
81,track_2,32,11,32,24,56,86.0,43.0
82,track_2,32,11,32,24,56,44.0,2.0
83,track_2,32,11,32,24,56,8.0,64.0
84,track_2,32,11,32,24,56,82.0,12.0
85,track_2,32,11,32,24,56,85.0,14.0
86,track_2,32,11,32,24,56,44.0,44.0
87,track_2,32,11,32,24,56,33.0,64.0
88,track_2,32,11,32,24,56,79.0,22.0
89,track_2,32,11,32,24,56,44.0,58.0
90,track_2,32,11,32,24,56,97.0,48.0
91,track_2,32,11,32,24,56,3.0,43.0
92,track_2,32,11,32,24,56,43.0,60.0
93,track_2,32,11,32,24,56,43.0,50.0
94,track_2,32,11,32,24,56,68.0,6.0
95,track_2,32,11,32,24,56,17.0,37.0
96,track_2,32,11,32,24,56,86.0,46.0
97,track_2,32,11,32,24,56,2.0,97.0
98,track_2,32,11,32,24,56,26.0,20.0
99,track_2,32,11,32,24,56,86.0,79.0
100,track_2,32,11,32,24,56,44.0,91.0
101,track_2,32,11,32,24,56,79.0,43.0
102,track_2,32,11,32,24,56,75.0,33.0
103,track_2,32,11,32,24,56,13.0,57.0
104,track_2,32,11,32,24,56,52.0,57.0
105,track_2,32,11,32,24,56,27.0,72.0
106,track_2,32,11,32,24,56,19.0,9.0
107,track_2,32,11,32,24,56,12.0,5.0
108,track_2,32,11,32,24,56,32.0,24.0
109,track_3,38,9,9,35,30,38.0,9.0
110,track_3,38,9,9,35,30,36.0,73.0
111,track_3,38,9,9,35,30,88.0,3.0
112,track_3,38,9,9,35,30,58.0,61.0
113,track_3,38,9,9,35,30,49.0,36.0
114,track_3,38,9,9,35,30,6.0,100.0
115,track_3,38,9,9,35,30,53.0,83.0
116,track_3,38,9,9,35,30,31.0,69.0
117,track_3,38,9,9,35,30,85.0,64.0
118,track_3,38,9,9,35,30,54.0,47.0
119,track_3,38,9,9,35,30,78.0,46.0
120,track_3,38,9,9,35,30,18.0,4.0
121,track_3,38,9,9,35,30,52.0,91.0
122,track_3,38,9,9,35,30,28.0,74.0
123,track_3,38,9,9,35,30,88.0,67.0
124,track_3,38,9,9,35,30,36.0,61.0
125,track_3,38,9,9,35,30,98.0,19.0
126,track_3,38,9,9,35,30,92.0,22.0
127,track_3,38,9,9,35,30,16.0,17.0
128,track_3,38,9,9,35,30,7.0,24.0
129,track_3,38,9,9,35,30,30.0,10.0
130,track_3,38,9,9,35,30,23.0,89.0
131,track_3,38,9,9,35,30,81.0,12.0
132,track_3,38,9,9,35,30,6.0,19.0
133,track_3,38,9,9,35,30,5.0,78.0
134,track_3,38,9,9,35,30,80.0,90.0
135,track_3,38,9,9,35,30,16.0,72.0
136,track_3,38,9,9,35,30,63.0,30.0
137,track_3,38,9,9,35,30,52.0,21.0
138,track_3,38,9,9,35,30,9.0,35.0
139,track_4,28,32,2,25,66,28.0,32.0
140,track_4,28,32,2,25,66,16.0,3.0
141,track_4,28,32,2,25,66,34.0,55.0
142,track_4,28,32,2,25,66,56.0,10.0
143,track_4,28,32,2,25,66,31.0,98.0
144,track_4,28,32,2,25,66,21.0,54.0
145,track_4,28,32,2,25,66,37.0,5.0
146,track_4,28,32,2,25,66,83.0,36.0
147,track_4,28,32,2,25,66,28.0,40.0
148,track_4,28,32,2,25,66,4.0,35.0
149,track_4,28,32,2,25,66,41.0,14.0
150,track_4,28,32,2,25,66,80.0,86.0
151,track_4,28,32,2,25,66,21.0,58.0
152,track_4,28,32,2,25,66,64.0,27.0
153,track_4,28,32,2,25,66,97.0,77.0
154,track_4,28,32,2,25,66,96.0,63.0
155,track_4,28,32,2,25,66,43.0,87.0
156,track_4,28,32,2,25,66,84.0,59.0
157,track_4,28,32,2,25,66,19.0,30.0
158,track_4,28,32,2,25,66,90.0,17.0
159,track_4,28,32,2,25,66,21.0,52.0
160,track_4,28,32,2,25,66,25.0,77.0
161,track_4,28,32,2,25,66,50.0,22.0
162,track_4,28,32,2,25,66,82.0,98.0
163,track_4,28,32,2,25,66,18.0,45.0
164,track_4,28,32,2,25,66,37.0,2.0
165,track_4,28,32,2,25,66,6.0,40.0
166,track_4,28,32,2,25,66,17.0,92.0
167,track_4,28,32,2,25,66,29.0,47.0
168,track_4,28,32,2,25,66,98.0,66.0
169,track_4,28,32,2,25,66,99.0,78.0
170,track_4,28,32,2,25,66,64.0,51.0
171,track_4,28,32,2,25,66,100.0,92.0
172,track_4,28,32,2,25,66,47.0,67.0
173,track_4,28,32,2,25,66,36.0,66.0
174,track_4,28,32,2,25,66,10.0,43.0
175,track_4,28,32,2,25,66,28.0,84.0
176,track_4,28,32,2,25,66,25.0,48.0
177,track_4,28,32,2,25,66,66.0,97.0
178,track_4,28,32,2,25,66,42.0,12.0
179,track_4,28,32,2,25,66,37.0,57.0
180,track_4,28,32,2,25,66,50.0,2.0
181,track_4,28,32,2,25,66,81.0,95.0
182,track_4,28,32,2,25,66,29.0,14.0
183,track_4,28,32,2,25,66,46.0,30.0
184,track_4,28,32,2,25,66,28.0,30.0
185,track_4,28,32,2,25,66,39.0,84.0
186,track_4,28,32,2,25,66,74.0,25.0
187,track_4,28,32,2,25,66,71.0,89.0
188,track_4,28,32,2,25,66,90.0,27.0
189,track_4,28,32,2,25,66,92.0,87.0
190,track_4,28,32,2,25,66,67.0,18.0
191,track_4,28,32,2,25,66,66.0,7.0
192,track_4,28,32,2,25,66,25.0,74.0
193,track_4,28,32,2,25,66,6.0,70.0
194,track_4,28,32,2,25,66,80.0,50.0
195,track_4,28,32,2,25,66,46.0,10.0
196,track_4,28,32,2,25,66,98.0,41.0
197,track_4,28,32,2,25,66,40.0,92.0
198,track_4,28,32,2,25,66,40.0,9.0
199,track_4,28,32,2,25,66,24.0,99.0
200,track_4,28,32,2,25,66,59.0,72.0
201,track_4,28,32,2,25,66,34.0,36.0
202,track_4,28,32,2,25,66,94.0,41.0
203,track_4,28,32,2,25,66,78.0,65.0
204,track_4,28,32,2,25,66,2.0,25.0
205,track_5,10,0,38,3,93,10.0,0.0
206,track_5,10,0,38,3,93,34.0,91.0
207,track_5,10,0,38,3,93,21.0,55.0
208,track_5,10,0,38,3,93,94.0,45.0
209,track_5,10,0,38,3,93,43.0,94.0
210,track_5,10,0,38,3,93,23.0,6.0
211,track_5,10,0,38,3,93,41.0,36.0
212,track_5,10,0,38,3,93,71.0,45.0
213,track_5,10,0,38,3,93,95.0,62.0
214,track_5,10,0,38,3,93,22.0,40.0
215,track_5,10,0,38,3,93,63.0,32.0
216,track_5,10,0,38,3,93,53.0,89.0
217,track_5,10,0,38,3,93,84.0,80.0
218,track_5,10,0,38,3,93,11.0,94.0
219,track_5,10,0,38,3,93,83.0,58.0
220,track_5,10,0,38,3,93,30.0,40.0
221,track_5,10,0,38,3,93,60.0,90.0
222,track_5,10,0,38,3,93,12.0,54.0
223,track_5,10,0,38,3,93,79.0,68.0
224,track_5,10,0,38,3,93,57.0,30.0
225,track_5,10,0,38,3,93,91.0,41.0
226,track_5,10,0,38,3,93,22.0,32.0
227,track_5,10,0,38,3,93,15.0,42.0
228,track_5,10,0,38,3,93,26.0,92.0
229,track_5,10,0,38,3,93,38.0,78.0
230,track_5,10,0,38,3,93,40.0,66.0
231,track_5,10,0,38,3,93,38.0,58.0
232,track_5,10,0,38,3,93,50.0,3.0
233,track_5,10,0,38,3,93,77.0,6.0
234,track_5,10,0,38,3,93,81.0,78.0
235,track_5,10,0,38,3,93,82.0,88.0
236,track_5,10,0,38,3,93,59.0,9.0
237,track_5,10,0,38,3,93,22.0,24.0
238,track_5,10,0,38,3,93,19.0,31.0
239,track_5,10,0,38,3,93,48.0,21.0
240,track_5,10,0,38,3,93,93.0,99.0
241,track_5,10,0,38,3,93,3.0,76.0
242,track_5,10,0,38,3,93,91.0,7.0
243,track_5,10,0,38,3,93,6.0,24.0
244,track_5,10,0,38,3,93,30.0,74.0
245,track_5,10,0,38,3,93,77.0,27.0
246,track_5,10,0,38,3,93,37.0,44.0
247,track_5,10,0,38,3,93,31.0,32.0
248,track_5,10,0,38,3,93,21.0,18.0
249,track_5,10,0,38,3,93,29.0,74.0
250,track_5,10,0,38,3,93,75.0,76.0
251,track_5,10,0,38,3,93,94.0,65.0
252,track_5,10,0,38,3,93,28.0,2.0
253,track_5,10,0,38,3,93,37.0,77.0
254,track_5,10,0,38,3,93,12.0,32.0
255,track_5,10,0,38,3,93,75.0,39.0
256,track_5,10,0,38,3,93,40.0,22.0
257,track_5,10,0,38,3,93,50.0,52.0
258,track_5,10,0,38,3,93,2.0,85.0
259,track_5,10,0,38,3,93,59.0,99.0
260,track_5,10,0,38,3,93,57.0,7.0
261,track_5,10,0,38,3,93,10.0,98.0
262,track_5,10,0,38,3,93,33.0,99.0
263,track_5,10,0,38,3,93,35.0,30.0
264,track_5,10,0,38,3,93,95.0,60.0
265,track_5,10,0,38,3,93,17.0,28.0
266,track_5,10,0,38,3,93,66.0,67.0
267,track_5,10,0,38,3,93,3.0,50.0
268,track_5,10,0,38,3,93,100.0,49.0
269,track_5,10,0,38,3,93,21.0,52.0
270,track_5,10,0,38,3,93,97.0,8.0
271,track_5,10,0,38,3,93,34.0,90.0
272,track_5,10,0,38,3,93,95.0,34.0
273,track_5,10,0,38,3,93,17.0,58.0
274,track_5,10,0,38,3,93,85.0,92.0
275,track_5,10,0,38,3,93,48.0,72.0
276,track_5,10,0,38,3,93,100.0,56.0
277,track_5,10,0,38,3,93,72.0,90.0
278,track_5,10,0,38,3,93,74.0,40.0
279,track_5,10,0,38,3,93,31.0,33.0
280,track_5,10,0,38,3,93,27.0,97.0
281,track_5,10,0,38,3,93,61.0,26.0
282,track_5,10,0,38,3,93,65.0,82.0
283,track_5,10,0,38,3,93,5.0,51.0
284,track_5,10,0,38,3,93,64.0,22.0
285,track_5,10,0,38,3,93,53.0,65.0
286,track_5,10,0,38,3,93,91.0,79.0
287,track_5,10,0,38,3,93,26.0,34.0
288,track_5,10,0,38,3,93,87.0,95.0
289,track_5,10,0,38,3,93,96.0,47.0
290,track_5,10,0,38,3,93,51.0,69.0
291,track_5,10,0,38,3,93,56.0,58.0
292,track_5,10,0,38,3,93,44.0,55.0
293,track_5,10,0,38,3,93,69.0,68.0
294,track_5,10,0,38,3,93,1.0,13.0
295,track_5,10,0,38,3,93,87.0,93.0
296,track_5,10,0,38,3,93,78.0,74.0
297,track_5,10,0,38,3,93,38.0,3.0
298,track_6,6,18,37,37,29,6.0,18.0
299,track_6,6,18,37,37,29,51.0,12.0
300,track_6,6,18,37,37,29,20.0,39.0
301,track_6,6,18,37,37,29,63.0,2.0
302,track_6,6,18,37,37,29,92.0,58.0
303,track_6,6,18,37,37,29,61.0,92.0
304,track_6,6,18,37,37,29,29.0,36.0
305,track_6,6,18,37,37,29,83.0,69.0
306,track_6,6,18,37,37,29,8.0,27.0
307,track_6,6,18,37,37,29,28.0,7.0
308,track_6,6,18,37,37,29,24.0,58.0
309,track_6,6,18,37,37,29,42.0,38.0
310,track_6,6,18,37,37,29,49.0,98.0
311,track_6,6,18,37,37,29,49.0,1.0
312,track_6,6,18,37,37,29,64.0,23.0
313,track_6,6,18,37,37,29,40.0,48.0
314,track_6,6,18,37,37,29,11.0,33.0
315,track_6,6,18,37,37,29,36.0,40.0
316,track_6,6,18,37,37,29,15.0,56.0
317,track_6,6,18,37,37,29,77.0,69.0
318,track_6,6,18,37,37,29,90.0,71.0
319,track_6,6,18,37,37,29,23.0,40.0
320,track_6,6,18,37,37,29,60.0,56.0
321,track_6,6,18,37,37,29,81.0,5.0
322,track_6,6,18,37,37,29,79.0,31.0
323,track_6,6,18,37,37,29,62.0,55.0
324,track_6,6,18,37,37,29,43.0,40.0
325,track_6,6,18,37,37,29,78.0,7.0
326,track_6,6,18,37,37,29,37.0,37.0
327,track_7,12,12,17,10,26,12.0,12.0
328,track_7,12,12,17,10,26,78.0,72.0
329,track_7,12,12,17,10,26,25.0,100.0
330,track_7,12,12,17,10,26,48.0,31.0
331,track_7,12,12,17,10,26,32.0,18.0
332,track_7,12,12,17,10,26,61.0,9.0
333,track_7,12,12,17,10,26,16.0,31.0
334,track_7,12,12,17,10,26,70.0,77.0
335,track_7,12,12,17,10,26,13.0,15.0
336,track_7,12,12,17,10,26,79.0,23.0
337,track_7,12,12,17,10,26,20.0,68.0
338,track_7,12,12,17,10,26,85.0,72.0
339,track_7,12,12,17,10,26,52.0,81.0
340,track_7,12,12,17,10,26,87.0,20.0
341,track_7,12,12,17,10,26,81.0,64.0
342,track_7,12,12,17,10,26,41.0,3.0
343,track_7,12,12,17,10,26,30.0,5.0
344,track_7,12,12,17,10,26,91.0,25.0
345,track_7,12,12,17,10,26,3.0,65.0
346,track_7,12,12,17,10,26,71.0,68.0
347,track_7,12,12,17,10,26,89.0,29.0
348,track_7,12,12,17,10,26,4.0,2.0
349,track_7,12,12,17,10,26,12.0,44.0
350,track_7,12,12,17,10,26,35.0,41.0
351,track_7,12,12,17,10,26,47.0,98.0
352,track_7,12,12,17,10,26,17.0,10.0
353,track_8,20,20,20,33,90,20.0,20.0
354,track_8,20,20,20,33,90,61.0,36.0
355,track_8,20,20,20,33,90,36.0,37.0
356,track_8,20,20,20,33,90,31.0,21.0
357,track_8,20,20,20,33,90,90.0,10.0
358,track_8,20,20,20,33,90,10.0,59.0
359,track_8,20,20,20,33,90,44.0,62.0
360,track_8,20,20,20,33,90,43.0,17.0
361,track_8,20,20,20,33,90,33.0,96.0
362,track_8,20,20,20,33,90,69.0,32.0
363,track_8,20,20,20,33,90,29.0,78.0
364,track_8,20,20,20,33,90,34.0,69.0
365,track_8,20,20,20,33,90,8.0,90.0
366,track_8,20,20,20,33,90,65.0,63.0
367,track_8,20,20,20,33,90,8.0,97.0
368,track_8,20,20,20,33,90,28.0,56.0
369,track_8,20,20,20,33,90,47.0,6.0
370,track_8,20,20,20,33,90,58.0,86.0
371,track_8,20,20,20,33,90,30.0,53.0
372,track_8,20,20,20,33,90,55.0,8.0
373,track_8,20,20,20,33,90,17.0,13.0
374,track_8,20,20,20,33,90,70.0,39.0
375,track_8,20,20,20,33,90,37.0,45.0
376,track_8,20,20,20,33,90,56.0,85.0
377,track_8,20,20,20,33,90,5.0,10.0
378,track_8,20,20,20,33,90,95.0,17.0
379,track_8,20,20,20,33,90,89.0,87.0
380,track_8,20,20,20,33,90,83.0,1.0
381,track_8,20,20,20,33,90,21.0,42.0
382,track_8,20,20,20,33,90,31.0,37.0
383,track_8,20,20,20,33,90,67.0,82.0
384,track_8,20,20,20,33,90,3.0,25.0
385,track_8,20,20,20,33,90,7.0,84.0
386,track_8,20,20,20,33,90,30.0,63.0
387,track_8,20,20,20,33,90,52.0,37.0
388,track_8,20,20,20,33,90,9.0,48.0
389,track_8,20,20,20,33,90,60.0,65.0
390,track_8,20,20,20,33,90,76.0,80.0
391,track_8,20,20,20,33,90,49.0,27.0
392,track_8,20,20,20,33,90,68.0,77.0
393,track_8,20,20,20,33,90,28.0,51.0
394,track_8,20,20,20,33,90,25.0,83.0
395,track_8,20,20,20,33,90,94.0,68.0
396,track_8,20,20,20,33,90,67.0,12.0
397,track_8,20,20,20,33,90,46.0,46.0
398,track_8,20,20,20,33,90,33.0,13.0
399,track_8,20,20,20,33,90,37.0,2.0
400,track_8,20,20,20,33,90,46.0,54.0
401,track_8,20,20,20,33,90,10.0,31.0
402,track_8,20,20,20,33,90,63.0,43.0
403,track_8,20,20,20,33,90,63.0,32.0
404,track_8,20,20,20,33,90,96.0,72.0
405,track_8,20,20,20,33,90,71.0,99.0
406,track_8,20,20,20,33,90,47.0,34.0
407,track_8,20,20,20,33,90,20.0,89.0
408,track_8,20,20,20,33,90,57.0,46.0
409,track_8,20,20,20,33,90,2.0,59.0
410,track_8,20,20,20,33,90,66.0,34.0
411,track_8,20,20,20,33,90,3.0,55.0
412,track_8,20,20,20,33,90,87.0,77.0
413,track_8,20,20,20,33,90,74.0,82.0
414,track_8,20,20,20,33,90,18.0,85.0
415,track_8,20,20,20,33,90,29.0,19.0
416,track_8,20,20,20,33,90,56.0,9.0
417,track_8,20,20,20,33,90,93.0,56.0
418,track_8,20,20,20,33,90,47.0,41.0
419,track_8,20,20,20,33,90,63.0,77.0
420,track_8,20,20,20,33,90,72.0,69.0
421,track_8,20,20,20,33,90,73.0,27.0
422,track_8,20,20,20,33,90,26.0,57.0
423,track_8,20,20,20,33,90,49.0,58.0
424,track_8,20,20,20,33,90,88.0,12.0
425,track_8,20,20,20,33,90,58.0,85.0
426,track_8,20,20,20,33,90,38.0,4.0
427,track_8,20,20,20,33,90,77.0,8.0
428,track_8,20,20,20,33,90,39.0,5.0
429,track_8,20,20,20,33,90,1.0,93.0
430,track_8,20,20,20,33,90,78.0,44.0
431,track_8,20,20,20,33,90,2.0,77.0
432,track_8,20,20,20,33,90,92.0,35.0
433,track_8,20,20,20,33,90,13.0,81.0
434,track_8,20,20,20,33,90,9.0,14.0
435,track_8,20,20,20,33,90,93.0,1.0
436,track_8,20,20,20,33,90,44.0,51.0
437,track_8,20,20,20,33,90,80.0,30.0
438,track_8,20,20,20,33,90,85.0,57.0
439,track_8,20,20,20,33,90,7.0,18.0
440,track_8,20,20,20,33,90,90.0,65.0
441,track_8,20,20,20,33,90,7.0,73.0
442,track_8,20,20,20,33,90,20.0,33.0
443,track_9,39,5,19,21,6,39.0,5.0
444,track_9,39,5,19,21,6,12.0,65.0
445,track_9,39,5,19,21,6,28.0,70.0
446,track_9,39,5,19,21,6,7.0,96.0
447,track_9,39,5,19,21,6,96.0,38.0
448,track_9,39,5,19,21,6,19.0,21.0
449,track_10,5,30,15,0,58,5.0,30.0
450,track_10,5,30,15,0,58,12.0,33.0
451,track_10,5,30,15,0,58,22.0,2.0
452,track_10,5,30,15,0,58,80.0,97.0
453,track_10,5,30,15,0,58,38.0,38.0
454,track_10,5,30,15,0,58,43.0,60.0
455,track_10,5,30,15,0,58,25.0,52.0
456,track_10,5,30,15,0,58,2.0,5.0
457,track_10,5,30,15,0,58,64.0,24.0
458,track_10,5,30,15,0,58,48.0,8.0
459,track_10,5,30,15,0,58,41.0,100.0
460,track_10,5,30,15,0,58,36.0,28.0
461,track_10,5,30,15,0,58,45.0,78.0
462,track_10,5,30,15,0,58,14.0,3.0
463,track_10,5,30,15,0,58,78.0,86.0
464,track_10,5,30,15,0,58,97.0,6.0
465,track_10,5,30,15,0,58,98.0,74.0
466,track_10,5,30,15,0,58,58.0,71.0
467,track_10,5,30,15,0,58,15.0,5.0
468,track_10,5,30,15,0,58,66.0,8.0
469,track_10,5,30,15,0,58,42.0,8.0
470,track_10,5,30,15,0,58,80.0,46.0
471,track_10,5,30,15,0,58,12.0,49.0
472,track_10,5,30,15,0,58,27.0,74.0
473,track_10,5,30,15,0,58,81.0,95.0
474,track_10,5,30,15,0,58,69.0,43.0
475,track_10,5,30,15,0,58,38.0,58.0
476,track_10,5,30,15,0,58,94.0,82.0
477,track_10,5,30,15,0,58,75.0,6.0
478,track_10,5,30,15,0,58,26.0,15.0
479,track_10,5,30,15,0,58,56.0,77.0
480,track_10,5,30,15,0,58,52.0,74.0
481,track_10,5,30,15,0,58,86.0,17.0
482,track_10,5,30,15,0,58,4.0,82.0
483,track_10,5,30,15,0,58,80.0,18.0
484,track_10,5,30,15,0,58,29.0,87.0
485,track_10,5,30,15,0,58,20.0,85.0
486,track_10,5,30,15,0,58,72.0,2.0
487,track_10,5,30,15,0,58,40.0,83.0
488,track_10,5,30,15,0,58,90.0,12.0
489,track_10,5,30,15,0,58,22.0,39.0
490,track_10,5,30,15,0,58,77.0,57.0
491,track_10,5,30,15,0,58,94.0,70.0
492,track_10,5,30,15,0,58,12.0,66.0
493,track_10,5,30,15,0,58,32.0,87.0
494,track_10,5,30,15,0,58,87.0,4.0
495,track_10,5,30,15,0,58,99.0,61.0
496,track_10,5,30,15,0,58,68.0,28.0
497,track_10,5,30,15,0,58,39.0,99.0
498,track_10,5,30,15,0,58,66.0,60.0
499,track_10,5,30,15,0,58,37.0,94.0
500,track_10,5,30,15,0,58,45.0,36.0
501,track_10,5,30,15,0,58,70.0,33.0
502,track_10,5,30,15,0,58,71.0,3.0
503,track_10,5,30,15,0,58,31.0,64.0
504,track_10,5,30,15,0,58,67.0,9.0
505,track_10,5,30,15,0,58,86.0,46.0
506,track_10,5,30,15,0,58,15.0,0.0
507,track_11,13,25,26,19,10,13.0,25.0
508,track_11,13,25,26,19,10,22.0,11.0
509,track_11,13,25,26,19,10,78.0,27.0
510,track_11,13,25,26,19,10,61.0,13.0
511,track_11,13,25,26,19,10,97.0,13.0
512,track_11,13,25,26,19,10,99.0,22.0
513,track_11,13,25,26,19,10,59.0,43.0
514,track_11,13,25,26,19,10,82.0,60.0
515,track_11,13,25,26,19,10,87.0,17.0
516,track_11,13,25,26,19,10,26.0,19.0
517,track_12,7,31,29,38,67,7.0,31.0
518,track_12,7,31,29,38,67,76.0,60.0
519,track_12,7,31,29,38,67,20.0,97.0
520,track_12,7,31,29,38,67,77.0,76.0
521,track_12,7,31,29,38,67,3.0,80.0
522,track_12,7,31,29,38,67,28.0,91.0
523,track_12,7,31,29,38,67,59.0,54.0
524,track_12,7,31,29,38,67,19.0,97.0
525,track_12,7,31,29,38,67,82.0,8.0
526,track_12,7,31,29,38,67,82.0,50.0
527,track_12,7,31,29,38,67,40.0,97.0
528,track_12,7,31,29,38,67,67.0,91.0
529,track_12,7,31,29,38,67,77.0,57.0
530,track_12,7,31,29,38,67,34.0,90.0
531,track_12,7,31,29,38,67,24.0,36.0
532,track_12,7,31,29,38,67,71.0,97.0
533,track_12,7,31,29,38,67,97.0,48.0
534,track_12,7,31,29,38,67,39.0,61.0
535,track_12,7,31,29,38,67,100.0,32.0
536,track_12,7,31,29,38,67,53.0,43.0
537,track_12,7,31,29,38,67,27.0,67.0
538,track_12,7,31,29,38,67,22.0,1.0
539,track_12,7,31,29,38,67,62.0,94.0
540,track_12,7,31,29,38,67,25.0,12.0
541,track_12,7,31,29,38,67,44.0,6.0
542,track_12,7,31,29,38,67,91.0,93.0
543,track_12,7,31,29,38,67,28.0,44.0
544,track_12,7,31,29,38,67,26.0,15.0
545,track_12,7,31,29,38,67,95.0,38.0
546,track_12,7,31,29,38,67,59.0,48.0
547,track_12,7,31,29,38,67,16.0,39.0
548,track_12,7,31,29,38,67,34.0,36.0
549,track_12,7,31,29,38,67,10.0,38.0
550,track_12,7,31,29,38,67,52.0,70.0
551,track_12,7,31,29,38,67,74.0,32.0
552,track_12,7,31,29,38,67,30.0,38.0
553,track_12,7,31,29,38,67,68.0,47.0
554,track_12,7,31,29,38,67,49.0,8.0
555,track_12,7,31,29,38,67,85.0,17.0
556,track_12,7,31,29,38,67,71.0,98.0
557,track_12,7,31,29,38,67,63.0,67.0
558,track_12,7,31,29,38,67,84.0,52.0
559,track_12,7,31,29,38,67,61.0,95.0
560,track_12,7,31,29,38,67,84.0,43.0
561,track_12,7,31,29,38,67,69.0,79.0
562,track_12,7,31,29,38,67,18.0,85.0
563,track_12,7,31,29,38,67,29.0,3.0
564,track_12,7,31,29,38,67,2.0,13.0
565,track_12,7,31,29,38,67,81.0,78.0
566,track_12,7,31,29,38,67,75.0,43.0
567,track_12,7,31,29,38,67,12.0,88.0
568,track_12,7,31,29,38,67,71.0,42.0
569,track_12,7,31,29,38,67,81.0,11.0
570,track_12,7,31,29,38,67,57.0,63.0
571,track_12,7,31,29,38,67,98.0,42.0
572,track_12,7,31,29,38,67,8.0,88.0
573,track_12,7,31,29,38,67,18.0,12.0
574,track_12,7,31,29,38,67,74.0,91.0
575,track_12,7,31,29,38,67,43.0,96.0
576,track_12,7,31,29,38,67,34.0,9.0
577,track_12,7,31,29,38,67,41.0,44.0
578,track_12,7,31,29,38,67,21.0,8.0
579,track_12,7,31,29,38,67,45.0,83.0
580,track_12,7,31,29,38,67,99.0,94.0
581,track_12,7,31,29,38,67,34.0,25.0
582,track_12,7,31,29,38,67,42.0,5.0
583,track_12,7,31,29,38,67,29.0,38.0
584,track_13,21,22,21,28,79,21.0,22.0
585,track_13,21,22,21,28,79,88.0,18.0
586,track_13,21,22,21,28,79,95.0,82.0
587,track_13,21,22,21,28,79,46.0,53.0
588,track_13,21,22,21,28,79,97.0,47.0
589,track_13,21,22,21,28,79,48.0,24.0
590,track_13,21,22,21,28,79,96.0,78.0
591,track_13,21,22,21,28,79,17.0,73.0
592,track_13,21,22,21,28,79,99.0,4.0
593,track_13,21,22,21,28,79,50.0,19.0
594,track_13,21,22,21,28,79,2.0,17.0
595,track_13,21,22,21,28,79,44.0,87.0
596,track_13,21,22,21,28,79,34.0,7.0
597,track_13,21,22,21,28,79,34.0,33.0
598,track_13,21,22,21,28,79,31.0,35.0
599,track_13,21,22,21,28,79,76.0,65.0
600,track_13,21,22,21,28,79,37.0,77.0
601,track_13,21,22,21,28,79,73.0,6.0
602,track_13,21,22,21,28,79,59.0,82.0
603,track_13,21,22,21,28,79,25.0,47.0
604,track_13,21,22,21,28,79,17.0,9.0
605,track_13,21,22,21,28,79,43.0,10.0
606,track_13,21,22,21,28,79,72.0,40.0
607,track_13,21,22,21,28,79,9.0,23.0
608,track_13,21,22,21,28,79,22.0,3.0
609,track_13,21,22,21,28,79,84.0,36.0
610,track_13,21,22,21,28,79,11.0,20.0
611,track_13,21,22,21,28,79,75.0,62.0
612,track_13,21,22,21,28,79,65.0,32.0
613,track_13,21,22,21,28,79,45.0,75.0
614,track_13,21,22,21,28,79,78.0,5.0
615,track_13,21,22,21,28,79,16.0,4.0
616,track_13,21,22,21,28,79,61.0,33.0
617,track_13,21,22,21,28,79,60.0,32.0
618,track_13,21,22,21,28,79,96.0,98.0
619,track_13,21,22,21,28,79,99.0,81.0
620,track_13,21,22,21,28,79,83.0,89.0
621,track_13,21,22,21,28,79,35.0,5.0
622,track_13,21,22,21,28,79,12.0,40.0
623,track_13,21,22,21,28,79,29.0,69.0
624,track_13,21,22,21,28,79,11.0,8.0
625,track_13,21,22,21,28,79,30.0,92.0
626,track_13,21,22,21,28,79,49.0,32.0
627,track_13,21,22,21,28,79,26.0,28.0
628,track_13,21,22,21,28,79,21.0,36.0
629,track_13,21,22,21,28,79,58.0,97.0
630,track_13,21,22,21,28,79,31.0,95.0
631,track_13,21,22,21,28,79,58.0,42.0
632,track_13,21,22,21,28,79,5.0,54.0
633,track_13,21,22,21,28,79,65.0,100.0
634,track_13,21,22,21,28,79,18.0,76.0
635,track_13,21,22,21,28,79,16.0,86.0
636,track_13,21,22,21,28,79,21.0,34.0
637,track_13,21,22,21,28,79,54.0,33.0
638,track_13,21,22,21,28,79,47.0,44.0
639,track_13,21,22,21,28,79,85.0,67.0
640,track_13,21,22,21,28,79,77.0,23.0
641,track_13,21,22,21,28,79,9.0,32.0
642,track_13,21,22,21,28,79,49.0,95.0
643,track_13,21,22,21,28,79,6.0,82.0
644,track_13,21,22,21,28,79,4.0,4.0
645,track_13,21,22,21,28,79,76.0,87.0
646,track_13,21,22,21,28,79,34.0,97.0
647,track_13,21,22,21,28,79,49.0,65.0
648,track_13,21,22,21,28,79,28.0,61.0
649,track_13,21,22,21,28,79,51.0,44.0
650,track_13,21,22,21,28,79,39.0,16.0
651,track_13,21,22,21,28,79,91.0,66.0
652,track_13,21,22,21,28,79,53.0,18.0
653,track_13,21,22,21,28,79,72.0,88.0
654,track_13,21,22,21,28,79,21.0,17.0
655,track_13,21,22,21,28,79,99.0,12.0
656,track_13,21,22,21,28,79,28.0,40.0
657,track_13,21,22,21,28,79,99.0,61.0
658,track_13,21,22,21,28,79,100.0,75.0
659,track_13,21,22,21,28,79,33.0,58.0
660,track_13,21,22,21,28,79,3.0,15.0
661,track_13,21,22,21,28,79,27.0,12.0
662,track_13,21,22,21,28,79,21.0,28.0
663,track_14,24,39,6,18,84,24.0,39.0
664,track_14,24,39,6,18,84,69.0,66.0
665,track_14,24,39,6,18,84,25.0,12.0
666,track_14,24,39,6,18,84,41.0,10.0
667,track_14,24,39,6,18,84,90.0,45.0
668,track_14,24,39,6,18,84,30.0,83.0
669,track_14,24,39,6,18,84,58.0,100.0
670,track_14,24,39,6,18,84,19.0,14.0
671,track_14,24,39,6,18,84,15.0,87.0
672,track_14,24,39,6,18,84,31.0,47.0
673,track_14,24,39,6,18,84,30.0,8.0
674,track_14,24,39,6,18,84,12.0,91.0
675,track_14,24,39,6,18,84,37.0,9.0
676,track_14,24,39,6,18,84,8.0,3.0
677,track_14,24,39,6,18,84,46.0,55.0
678,track_14,24,39,6,18,84,15.0,29.0
679,track_14,24,39,6,18,84,14.0,95.0
680,track_14,24,39,6,18,84,36.0,32.0
681,track_14,24,39,6,18,84,42.0,81.0
682,track_14,24,39,6,18,84,46.0,98.0
683,track_14,24,39,6,18,84,39.0,20.0
684,track_14,24,39,6,18,84,13.0,24.0
685,track_14,24,39,6,18,84,46.0,4.0
686,track_14,24,39,6,18,84,46.0,60.0
687,track_14,24,39,6,18,84,47.0,65.0
688,track_14,24,39,6,18,84,99.0,43.0
689,track_14,24,39,6,18,84,73.0,38.0
690,track_14,24,39,6,18,84,68.0,82.0
691,track_14,24,39,6,18,84,65.0,48.0
692,track_14,24,39,6,18,84,53.0,42.0
693,track_14,24,39,6,18,84,33.0,31.0
694,track_14,24,39,6,18,84,68.0,16.0
695,track_14,24,39,6,18,84,45.0,5.0
696,track_14,24,39,6,18,84,6.0,1.0
697,track_14,24,39,6,18,84,27.0,18.0
698,track_14,24,39,6,18,84,35.0,23.0
699,track_14,24,39,6,18,84,18.0,94.0
700,track_14,24,39,6,18,84,71.0,82.0
701,track_14,24,39,6,18,84,43.0,3.0
702,track_14,24,39,6,18,84,51.0,56.0
703,track_14,24,39,6,18,84,99.0,71.0
704,track_14,24,39,6,18,84,15.0,51.0
705,track_14,24,39,6,18,84,36.0,3.0
706,track_14,24,39,6,18,84,27.0,5.0
707,track_14,24,39,6,18,84,35.0,92.0
708,track_14,24,39,6,18,84,61.0,7.0
709,track_14,24,39,6,18,84,87.0,30.0
710,track_14,24,39,6,18,84,37.0,82.0
711,track_14,24,39,6,18,84,22.0,58.0
712,track_14,24,39,6,18,84,38.0,49.0
713,track_14,24,39,6,18,84,91.0,5.0
714,track_14,24,39,6,18,84,57.0,72.0
715,track_14,24,39,6,18,84,51.0,48.0
716,track_14,24,39,6,18,84,17.0,83.0
717,track_14,24,39,6,18,84,17.0,73.0
718,track_14,24,39,6,18,84,33.0,18.0
719,track_14,24,39,6,18,84,35.0,71.0
720,track_14,24,39,6,18,84,97.0,40.0
721,track_14,24,39,6,18,84,21.0,65.0
722,track_14,24,39,6,18,84,7.0,46.0
723,track_14,24,39,6,18,84,74.0,42.0
724,track_14,24,39,6,18,84,68.0,63.0
725,track_14,24,39,6,18,84,38.0,12.0
726,track_14,24,39,6,18,84,82.0,53.0
727,track_14,24,39,6,18,84,17.0,72.0
728,track_14,24,39,6,18,84,47.0,66.0
729,track_14,24,39,6,18,84,70.0,16.0
730,track_14,24,39,6,18,84,68.0,33.0
731,track_14,24,39,6,18,84,47.0,83.0
732,track_14,24,39,6,18,84,30.0,79.0
733,track_14,24,39,6,18,84,79.0,58.0
734,track_14,24,39,6,18,84,31.0,55.0
735,track_14,24,39,6,18,84,63.0,57.0
736,track_14,24,39,6,18,84,9.0,22.0
737,track_14,24,39,6,18,84,98.0,6.0
738,track_14,24,39,6,18,84,96.0,62.0
739,track_14,24,39,6,18,84,49.0,11.0
740,track_14,24,39,6,18,84,25.0,17.0
741,track_14,24,39,6,18,84,22.0,42.0
742,track_14,24,39,6,18,84,5.0,1.0
743,track_14,24,39,6,18,84,87.0,22.0
744,track_14,24,39,6,18,84,76.0,36.0
745,track_14,24,39,6,18,84,8.0,99.0
746,track_14,24,39,6,18,84,6.0,18.0
747,track_15,34,21,14,4,8,34.0,21.0
748,track_15,34,21,14,4,8,70.0,7.0
749,track_15,34,21,14,4,8,6.0,100.0
750,track_15,34,21,14,4,8,42.0,95.0
751,track_15,34,21,14,4,8,39.0,46.0
752,track_15,34,21,14,4,8,72.0,72.0
753,track_15,34,21,14,4,8,68.0,3.0
754,track_15,34,21,14,4,8,14.0,4.0
755,track_16,17,17,35,23,47,17.0,17.0
756,track_16,17,17,35,23,47,94.0,80.0
757,track_16,17,17,35,23,47,35.0,48.0
758,track_16,17,17,35,23,47,78.0,42.0
759,track_16,17,17,35,23,47,40.0,52.0
760,track_16,17,17,35,23,47,20.0,54.0
761,track_16,17,17,35,23,47,82.0,43.0
762,track_16,17,17,35,23,47,21.0,50.0
763,track_16,17,17,35,23,47,62.0,89.0
764,track_16,17,17,35,23,47,35.0,98.0
765,track_16,17,17,35,23,47,75.0,46.0
766,track_16,17,17,35,23,47,98.0,58.0
767,track_16,17,17,35,23,47,36.0,94.0
768,track_16,17,17,35,23,47,11.0,62.0
769,track_16,17,17,35,23,47,2.0,55.0
770,track_16,17,17,35,23,47,32.0,15.0
771,track_16,17,17,35,23,47,56.0,82.0
772,track_16,17,17,35,23,47,33.0,36.0
773,track_16,17,17,35,23,47,92.0,96.0
774,track_16,17,17,35,23,47,17.0,39.0
775,track_16,17,17,35,23,47,44.0,80.0
776,track_16,17,17,35,23,47,48.0,71.0
777,track_16,17,17,35,23,47,31.0,92.0
778,track_16,17,17,35,23,47,64.0,66.0
779,track_16,17,17,35,23,47,73.0,71.0
780,track_16,17,17,35,23,47,69.0,83.0
781,track_16,17,17,35,23,47,95.0,95.0
782,track_16,17,17,35,23,47,40.0,40.0
783,track_16,17,17,35,23,47,19.0,78.0
784,track_16,17,17,35,23,47,59.0,14.0
785,track_16,17,17,35,23,47,43.0,75.0
786,track_16,17,17,35,23,47,70.0,32.0
787,track_16,17,17,35,23,47,15.0,75.0
788,track_16,17,17,35,23,47,97.0,89.0
789,track_16,17,17,35,23,47,50.0,21.0
790,track_16,17,17,35,23,47,59.0,31.0
791,track_16,17,17,35,23,47,22.0,15.0
792,track_16,17,17,35,23,47,59.0,15.0
793,track_16,17,17,35,23,47,19.0,22.0
794,track_16,17,17,35,23,47,3.0,1.0
795,track_16,17,17,35,23,47,87.0,40.0
796,track_16,17,17,35,23,47,21.0,67.0
797,track_16,17,17,35,23,47,79.0,67.0
798,track_16,17,17,35,23,47,40.0,62.0
799,track_16,17,17,35,23,47,25.0,77.0
800,track_16,17,17,35,23,47,77.0,62.0
801,track_16,17,17,35,23,47,35.0,23.0
802,track_17,0,27,5,26,9,0.0,27.0
803,track_17,0,27,5,26,9,16.0,27.0
804,track_17,0,27,5,26,9,7.0,30.0
805,track_17,0,27,5,26,9,28.0,13.0
806,track_17,0,27,5,26,9,6.0,43.0
807,track_17,0,27,5,26,9,46.0,82.0
808,track_17,0,27,5,26,9,55.0,22.0
809,track_17,0,27,5,26,9,32.0,64.0
810,track_17,0,27,5,26,9,5.0,26.0
811,track_18,15,26,7,31,86,15.0,26.0
812,track_18,15,26,7,31,86,98.0,69.0
813,track_18,15,26,7,31,86,53.0,11.0
814,track_18,15,26,7,31,86,56.0,43.0
815,track_18,15,26,7,31,86,25.0,100.0
816,track_18,15,26,7,31,86,61.0,89.0
817,track_18,15,26,7,31,86,69.0,72.0
818,track_18,15,26,7,31,86,46.0,62.0
819,track_18,15,26,7,31,86,51.0,55.0
820,track_18,15,26,7,31,86,21.0,55.0
821,track_18,15,26,7,31,86,10.0,12.0
822,track_18,15,26,7,31,86,4.0,80.0
823,track_18,15,26,7,31,86,29.0,40.0
824,track_18,15,26,7,31,86,25.0,18.0
825,track_18,15,26,7,31,86,78.0,45.0
826,track_18,15,26,7,31,86,41.0,8.0
827,track_18,15,26,7,31,86,97.0,88.0
828,track_18,15,26,7,31,86,61.0,13.0
829,track_18,15,26,7,31,86,55.0,81.0
830,track_18,15,26,7,31,86,71.0,92.0
831,track_18,15,26,7,31,86,7.0,9.0
832,track_18,15,26,7,31,86,72.0,72.0
833,track_18,15,26,7,31,86,3.0,95.0
834,track_18,15,26,7,31,86,2.0,20.0
835,track_18,15,26,7,31,86,67.0,37.0
836,track_18,15,26,7,31,86,77.0,42.0
837,track_18,15,26,7,31,86,76.0,6.0
838,track_18,15,26,7,31,86,36.0,22.0
839,track_18,15,26,7,31,86,26.0,61.0
840,track_18,15,26,7,31,86,88.0,40.0
841,track_18,15,26,7,31,86,36.0,82.0
842,track_18,15,26,7,31,86,42.0,77.0
843,track_18,15,26,7,31,86,41.0,8.0
844,track_18,15,26,7,31,86,18.0,21.0
845,track_18,15,26,7,31,86,6.0,82.0
846,track_18,15,26,7,31,86,100.0,57.0
847,track_18,15,26,7,31,86,93.0,76.0
848,track_18,15,26,7,31,86,3.0,93.0
849,track_18,15,26,7,31,86,27.0,34.0
850,track_18,15,26,7,31,86,74.0,65.0
851,track_18,15,26,7,31,86,42.0,27.0
852,track_18,15,26,7,31,86,31.0,75.0
853,track_18,15,26,7,31,86,100.0,7.0
854,track_18,15,26,7,31,86,56.0,79.0
855,track_18,15,26,7,31,86,2.0,43.0
856,track_18,15,26,7,31,86,12.0,71.0
857,track_18,15,26,7,31,86,77.0,43.0
858,track_18,15,26,7,31,86,26.0,12.0
859,track_18,15,26,7,31,86,5.0,78.0
860,track_18,15,26,7,31,86,90.0,14.0
861,track_18,15,26,7,31,86,99.0,85.0
862,track_18,15,26,7,31,86,48.0,73.0
863,track_18,15,26,7,31,86,81.0,25.0
864,track_18,15,26,7,31,86,59.0,91.0
865,track_18,15,26,7,31,86,8.0,72.0
866,track_18,15,26,7,31,86,94.0,48.0
867,track_18,15,26,7,31,86,79.0,27.0
868,track_18,15,26,7,31,86,54.0,31.0
869,track_18,15,26,7,31,86,40.0,98.0
870,track_18,15,26,7,31,86,94.0,83.0
871,track_18,15,26,7,31,86,46.0,67.0
872,track_18,15,26,7,31,86,62.0,5.0
873,track_18,15,26,7,31,86,19.0,36.0
874,track_18,15,26,7,31,86,83.0,27.0
875,track_18,15,26,7,31,86,76.0,11.0
876,track_18,15,26,7,31,86,33.0,73.0
877,track_18,15,26,7,31,86,67.0,7.0
878,track_18,15,26,7,31,86,43.0,10.0
879,track_18,15,26,7,31,86,37.0,86.0
880,track_18,15,26,7,31,86,38.0,33.0
881,track_18,15,26,7,31,86,96.0,76.0
882,track_18,15,26,7,31,86,98.0,30.0
883,track_18,15,26,7,31,86,99.0,100.0
884,track_18,15,26,7,31,86,42.0,18.0
885,track_18,15,26,7,31,86,21.0,81.0
886,track_18,15,26,7,31,86,87.0,32.0
887,track_18,15,26,7,31,86,91.0,85.0
888,track_18,15,26,7,31,86,77.0,56.0
889,track_18,15,26,7,31,86,95.0,9.0
890,track_18,15,26,7,31,86,4.0,34.0
891,track_18,15,26,7,31,86,85.0,94.0
892,track_18,15,26,7,31,86,75.0,84.0
893,track_18,15,26,7,31,86,53.0,56.0
894,track_18,15,26,7,31,86,42.0,84.0
895,track_18,15,26,7,31,86,13.0,74.0
896,track_18,15,26,7,31,86,7.0,31.0
897,track_19,37,10,3,27,40,37.0,10.0
898,track_19,37,10,3,27,40,39.0,71.0
899,track_19,37,10,3,27,40,65.0,5.0
900,track_19,37,10,3,27,40,43.0,37.0
901,track_19,37,10,3,27,40,34.0,45.0
902,track_19,37,10,3,27,40,83.0,2.0
903,track_19,37,10,3,27,40,92.0,78.0
904,track_19,37,10,3,27,40,77.0,95.0
905,track_19,37,10,3,27,40,23.0,8.0
906,track_19,37,10,3,27,40,69.0,50.0
907,track_19,37,10,3,27,40,99.0,77.0
908,track_19,37,10,3,27,40,20.0,4.0
909,track_19,37,10,3,27,40,71.0,31.0
910,track_19,37,10,3,27,40,32.0,29.0
911,track_19,37,10,3,27,40,62.0,99.0
912,track_19,37,10,3,27,40,17.0,63.0
913,track_19,37,10,3,27,40,29.0,6.0
914,track_19,37,10,3,27,40,25.0,41.0
915,track_19,37,10,3,27,40,80.0,86.0
916,track_19,37,10,3,27,40,71.0,44.0
917,track_19,37,10,3,27,40,51.0,45.0
918,track_19,37,10,3,27,40,63.0,31.0
919,track_19,37,10,3,27,40,21.0,42.0
920,track_19,37,10,3,27,40,81.0,7.0
921,track_19,37,10,3,27,40,83.0,50.0
922,track_19,37,10,3,27,40,60.0,33.0
923,track_19,37,10,3,27,40,70.0,42.0
924,track_19,37,10,3,27,40,67.0,71.0
925,track_19,37,10,3,27,40,12.0,15.0
926,track_19,37,10,3,27,40,4.0,21.0
927,track_19,37,10,3,27,40,93.0,58.0
928,track_19,37,10,3,27,40,70.0,79.0
929,track_19,37,10,3,27,40,40.0,67.0
930,track_19,37,10,3,27,40,81.0,70.0
931,track_19,37,10,3,27,40,34.0,53.0
932,track_19,37,10,3,27,40,96.0,11.0
933,track_19,37,10,3,27,40,63.0,56.0
934,track_19,37,10,3,27,40,71.0,78.0
935,track_19,37,10,3,27,40,54.0,6.0
936,track_19,37,10,3,27,40,3.0,27.0
937,track_20,11,1,13,6,50,11.0,1.0
938,track_20,11,1,13,6,50,57.0,81.0
939,track_20,11,1,13,6,50,8.0,88.0
940,track_20,11,1,13,6,50,66.0,84.0
941,track_20,11,1,13,6,50,49.0,85.0
942,track_20,11,1,13,6,50,34.0,50.0
943,track_20,11,1,13,6,50,89.0,32.0
944,track_20,11,1,13,6,50,93.0,17.0
945,track_20,11,1,13,6,50,67.0,51.0
946,track_20,11,1,13,6,50,37.0,46.0
947,track_20,11,1,13,6,50,86.0,23.0
948,track_20,11,1,13,6,50,55.0,18.0
949,track_20,11,1,13,6,50,13.0,83.0
950,track_20,11,1,13,6,50,7.0,86.0
951,track_20,11,1,13,6,50,86.0,37.0
952,track_20,11,1,13,6,50,44.0,22.0
953,track_20,11,1,13,6,50,83.0,95.0
954,track_20,11,1,13,6,50,33.0,92.0
955,track_20,11,1,13,6,50,96.0,17.0
956,track_20,11,1,13,6,50,27.0,7.0
957,track_20,11,1,13,6,50,54.0,31.0
958,track_20,11,1,13,6,50,66.0,81.0
959,track_20,11,1,13,6,50,20.0,1.0
960,track_20,11,1,13,6,50,97.0,39.0
961,track_20,11,1,13,6,50,4.0,22.0
962,track_20,11,1,13,6,50,61.0,60.0
963,track_20,11,1,13,6,50,4.0,44.0
964,track_20,11,1,13,6,50,92.0,60.0
965,track_20,11,1,13,6,50,31.0,79.0
966,track_20,11,1,13,6,50,51.0,17.0
967,track_20,11,1,13,6,50,1.0,38.0
968,track_20,11,1,13,6,50,97.0,72.0
969,track_20,11,1,13,6,50,29.0,44.0
970,track_20,11,1,13,6,50,31.0,98.0
971,track_20,11,1,13,6,50,32.0,79.0
972,track_20,11,1,13,6,50,98.0,5.0
973,track_20,11,1,13,6,50,41.0,22.0
974,track_20,11,1,13,6,50,27.0,37.0
975,track_20,11,1,13,6,50,7.0,85.0
976,track_20,11,1,13,6,50,86.0,52.0
977,track_20,11,1,13,6,50,31.0,88.0
978,track_20,11,1,13,6,50,98.0,89.0
979,track_20,11,1,13,6,50,1.0,45.0
980,track_20,11,1,13,6,50,35.0,38.0
981,track_20,11,1,13,6,50,17.0,25.0
982,track_20,11,1,13,6,50,51.0,67.0
983,track_20,11,1,13,6,50,5.0,13.0
984,track_20,11,1,13,6,50,36.0,99.0
985,track_20,11,1,13,6,50,94.0,6.0
986,track_20,11,1,13,6,50,13.0,6.0
